item,category,selling price,yield portions,yield label,ingredient,qty,unit,source text
Karak Tea (Cup),Tea Corner,5.00,40,cups,CTC black tea,220,g,"1 pot: 220 g tea"
Karak Tea (Cup),Tea Corner,5.00,40,cups,Evaporated milk,2200,ml,"5 tins"
Karak Tea (Cup),Tea Corner,5.00,40,cups,White sugar,400,g,
Karak Tea (Cup),Tea Corner,5.00,40,cups,Green cardamom,9,g,"a small handful"
Karak Tea (Cup),Tea Corner,5.00,40,cups,Paper cup small + lid,40,ea,"one per cup"
Cappuccino,Tea Corner,8.00,1,serving,Instant coffee,4,g,"1 sachet"
Cappuccino,Tea Corner,8.00,1,serving,Fresh milk,180,ml,
Cappuccino,Tea Corner,8.00,1,serving,White sugar,10,g,
Cappuccino,Tea Corner,8.00,1,serving,Paper cup small + lid,1,ea,
